file,noise_type,sigma,psnr_noisy,ssim_noisy,psnr_model,ssim_model,psnr_mean,ssim_mean,psnr_median,ssim_median,psnr_adaptive,ssim_adaptive,best_psnr,best_ssim
L1_5e9d5b2c67c741f051aaab358332b883.npy,gaussian,0.0987,20.116,0.4098,31.841,0.9438,24.977,0.6894,25.622,0.6404,27.519,0.7857,model,model
L1_12fbc86e71d19887909b02c9d74257f7.npy,gaussian,0.097,18.172,0.5066,29.903,0.946,25.659,0.7852,24.784,0.7386,25.586,0.8424,model,model
L1_40c68641cb5c73b1e3ca224dcd043881.npy,gaussian,0.0939,20.219,0.4032,30.25,0.8783,24.347,0.5182,23.56,0.4354,27.155,0.7309,model,model
L1_932e8847061103595b73787067357341.npy,gaussian,0.0887,18.309,0.325,31.355,0.9252,25.431,0.6554,24.498,0.5959,27.043,0.7614,model,model
L1_5332c85073a5e9a1d2de42365cb931a6.npy,gaussian,0.0829,21.629,0.6541,26.038,0.6703,23.891,0.5785,23.744,0.5633,24.921,0.6079,model,model
L1_6312926d73621e53c305dccdc5033fda.npy,gaussian,0.0772,22.217,0.4561,35.712,0.9583,27.786,0.7931,28.752,0.7466,30.144,0.8644,model,model
L1_9b3620095a96cf6c9b8515db8d830821.npy,gaussian,0.0761,22.328,0.7488,25.479,0.7114,19.951,0.495,20.207,0.5102,24.043,0.6847,model,model
L1_97d787c18fa0c25ddb63a638aeea3ac5.npy,gaussian,0.0713,22.226,0.5305,31.458,0.9011,27.75,0.7745,27.265,0.739,29.493,0.8485,model,model
L1_2bacc340b8b0fe7bade5ce599308fbd0.npy,gaussian,0.0608,23.961,0.4907,36.629,0.9702,26.689,0.7904,27.253,0.748,30.864,0.8794,model,model
L1_0a085e1194f37d52484b48775e66f5d0.npy,gaussian,0.0601,23.793,0.908,28.862,0.9667,21.744,0.8372,22.819,0.8616,25.117,0.9103,model,model
L1_02cb3d23b5d74d2875052f767acf48c2.npy,gaussian,0.0599,23.815,0.3438,38.2,0.9511,29.174,0.7233,28.845,0.6641,32.469,0.8183,model,model
L1_46f1e070c10b19f952a8c2843517e2c8.npy,gaussian,0.0598,24.439,0.4579,38.776,0.9747,29.077,0.7798,30.753,0.7446,32.003,0.8697,model,model
L1_3c1ea258fc9f453fef5e30cf7db63033.npy,gaussian,0.0547,25.223,0.91,31.519,0.9805,29.104,0.9674,28.902,0.9638,29.251,0.9694,model,model
L1_56e50622d44a0389396f6bf7385f5948.npy,gaussian,0.0543,25.025,0.4524,38.272,0.9714,28.841,0.7706,28.399,0.7189,32.909,0.875,model,model
L1_360eb67d92e9755ef831f5101b0ad2a1.npy,gaussian,0.0495,26.062,0.5082,34.634,0.9039,31.526,0.7809,30.866,0.7347,32.729,0.8554,model,model
L1_311c75073b55001ed3f0456a090431cb.npy,gaussian,0.044,27.123,0.8981,27.852,0.8556,23.119,0.6625,24.291,0.6967,25.458,0.7255,model,model
L1_9db06594777e183499f98ff1592bd5ca.npy,gaussian,0.0428,27.402,0.4708,38.648,0.9619,28.269,0.8448,31.42,0.8027,35.701,0.9109,model,model
L1_4e45ac67f6200f64d12b634d65249bc5.npy,gaussian,0.0389,28.218,0.7453,38.195,0.9791,29.751,0.9315,33.496,0.9225,34.597,0.9665,model,model
L1_8d0de5b386ce6fdb47574f5fea1cf119.npy,gaussian,0.0325,29.393,0.9513,34.925,0.9855,30.903,0.9662,31.706,0.9708,30.495,0.961,model,model
L1_4fdc476bdcb3b1fcc77d31d936d462fc.npy,gaussian,0.0271,31.279,0.9739,35.0,0.9914,20.647,0.8859,23.822,0.9461,31.426,0.9844,model,model
L1_39f83e522bf9253d0b8396f8a7e4df06.npy,gaussian,0.0259,31.631,0.9782,35.457,0.9934,21.581,0.8866,24.088,0.9402,28.177,0.9705,model,model
L1_1c1e8956fac98283ac7d98177837bef4.npy,gaussian,0.0139,37.128,0.9711,40.406,0.9888,26.802,0.9474,33.83,0.9779,38.883,0.9847,model,model
L1_05c40295c2cec7c2404d3c168273a1e0.npy,gaussian,0.0058,44.69,0.996,46.607,0.9977,28.033,0.9575,32.003,0.9775,41.055,0.9925,model,model
L1_4dd07ecc701c2f95d5f08c167529f515.npy,gaussian,0.0045,46.701,0.9988,45.36,0.9984,29.033,0.9346,29.921,0.9488,29.461,0.9241,model,model
L1_a0c3864ee05ad92f28d82b5dba032208.npy,gaussian,0.0025,50.608,0.9994,36.466,0.9764,23.818,0.5831,23.703,0.5781,25.45,0.6365,model,model
L1_000f9e2e89ff8ffa8e3b9a6ac12bf490.npy,rician,0.1426,16.99,0.5583,24.225,0.7121,21.275,0.6524,20.819,0.6272,21.325,0.6533,model,model
L1_4a8cfe9222cb8ce9130e75858751ff2f.npy,rician,0.1383,17.33,0.4612,25.483,0.6601,21.399,0.6212,21.67,0.5895,22.151,0.6503,model,model
L1_38d80a1a238326b728d9ea7274dd2498.npy,rician,0.1364,13.09,0.2372,25.418,0.826,20.333,0.623,19.343,0.5435,20.97,0.6951,model,model
L1_2dcc564130f9019f9c508d6e85978e2d.npy,rician,0.1213,18.498,0.6929,22.514,0.726,19.325,0.5294,19.764,0.5411,20.47,0.5739,model,model
L1_5bead158cde10dd031880167d2c92d9c.npy,rician,0.1203,18.475,0.8477,25.131,0.9575,20.629,0.8957,21.199,0.9068,20.937,0.9018,model,model
L1_1d11e43ecc46f5d01cf7b5073ab82fad.npy,rician,0.1178,17.969,0.2738,30.985,0.8773,26.283,0.6276,24.875,0.5554,26.863,0.6953,model,model
L1_400328aae645fbfb606efbafd1f3e94f.npy,rician,0.1163,18.62,0.5764,28.125,0.9057,25.129,0.81,24.129,0.772,25.321,0.8385,model,model
L1_6ce7d8c7045dae4d27f27a9de5d2a8c3.npy,rician,0.1157,18.987,0.8087,27.136,0.9584,19.569,0.8449,21.544,0.8793,21.42,0.8954,model,model
L1_9b4bea7490748c97c328bb55f249d8ca.npy,rician,0.1156,18.805,0.8069,25.918,0.9226,19.817,0.8106,21.505,0.8568,21.872,0.868,model,model
L1_7b9d17ba47740facec048c40fa8eedd4.npy,rician,0.0935,20.701,0.6071,30.377,0.9178,26.735,0.8295,26.302,0.8003,26.784,0.8423,model,model
L1_1bd708f6dc494e81343d67e399d59b20.npy,rician,0.0918,19.934,0.4315,32.545,0.9181,21.525,0.628,23.242,0.6123,23.173,0.698,model,model
L1_9b3e82141abb543fce2618733440646a.npy,rician,0.0842,19.115,0.3716,30.908,0.8888,27.692,0.7604,26.151,0.6962,28.617,0.8133,model,model
L1_1f16f8755bc0c3bbc68002c6fa9a4b01.npy,rician,0.0771,22.251,0.7213,32.08,0.9691,21.282,0.7448,21.904,0.7557,26.58,0.8887,model,model
L1_9c7764dead961a2d621e00a8ea554308.npy,rician,0.0741,22.381,0.7756,29.581,0.9412,28.007,0.9222,27.125,0.9042,27.705,0.9123,model,model
L1_000d090392623f8046ebe84a1b345bf7.npy,rician,0.0562,24.568,0.917,30.318,0.9763,23.154,0.8999,24.193,0.9148,27.212,0.9522,model,model
L1_898d189728b179f9a33ad63cc4ee1376.npy,rician,0.0496,26.112,0.8041,35.767,0.9811,25.321,0.9292,30.527,0.9354,31.564,0.97,model,model
L1_1aa6b882b63050dfffda6c8be93ed253.npy,rician,0.0456,27.023,0.781,33.052,0.9795,27.755,0.9244,28.766,0.9102,30.373,0.9585,model,model
L1_1c36711f67c027c5d15c7bc29e83a92b.npy,rician,0.0438,26.23,0.5964,37.462,0.9856,25.021,0.7915,25.241,0.7593,32.404,0.9237,model,model
L1_1b7b45efd0643481522a27f32d9a09ab.npy,rician,0.0437,25.39,0.8655,24.409,0.6765,22.735,0.591,22.529,0.5829,23.771,0.6271,model,model
L1_3c6edfbcd603068f13240d6856633ee3.npy,rician,0.0277,28.116,0.899,32.536,0.9609,30.036,0.9365,29.788,0.9307,31.274,0.9476,model,model
L1_17e2fb6ce5499fae8171837bbd270aa6.npy,rician,0.0275,29.7,0.9271,28.534,0.8536,23.837,0.5656,23.632,0.5565,25.106,0.6188,model,model
L1_2bf46e85d106b86e09c2d6f74f6ff72b.npy,rician,0.0256,31.729,0.9741,33.188,0.9801,21.078,0.7237,21.224,0.7466,27.892,0.9305,model,model
L1_351eed352c9c29371dfff33715470bd7.npy,rician,0.0183,34.643,0.8451,43.13,0.9897,26.645,0.8878,27.794,0.9014,40.328,0.9824,model,model
L1_2b2af68a9d362568944d96f47b2ffb86.npy,rician,0.007,39.993,0.9911,40.557,0.9934,25.654,0.8475,26.433,0.8718,28.386,0.912,model,model
L1_36e9b22935b05edf25c7bdd6c00ce7a0.npy,rician,0.0052,45.333,0.9901,38.252,0.9892,21.478,0.7939,22.304,0.8391,43.667,0.9858,adaptive,model
L1_2db776ffc20817f8e0c4b78ee9e8f38f.npy,uniform,0.1931,16.368,0.8836,21.403,0.9567,16.306,0.8245,17.26,0.8739,14.254,0.6633,model,model
L1_2d8c68bf1562b76f0083db439b931eae.npy,uniform,0.1898,18.351,0.2884,30.452,0.8405,26.447,0.5894,23.431,0.4445,27.055,0.6913,model,model
L1_44ef9a704f0de6e693e29411af104f61.npy,uniform,0.179,19.764,0.4388,33.258,0.9456,24.266,0.664,24.083,0.5748,26.449,0.7973,model,model
L1_0888ceb2529f7d482c9c7682085b687f.npy,uniform,0.1732,18.247,0.46,27.426,0.8226,26.689,0.8364,23.566,0.7131,26.965,0.8205,model,mean
L1_7b663a157342f5f34f7a611f8b421c5b.npy,uniform,0.1726,19.653,0.8999,26.457,0.9779,24.107,0.9574,23.338,0.9507,22.045,0.9242,model,model
L1_16c104b5b6c3aa56089bb61773a62e87.npy,uniform,0.1665,20.344,0.7868,28.51,0.9496,22.978,0.9046,24.03,0.8873,25.377,0.9343,model,model
L1_92af3f8cc88e957759f39f060094e860.npy,uniform,0.1459,21.474,0.7924,25.119,0.8315,21.579,0.6845,21.975,0.7179,23.102,0.7576,model,model
L1_6c2ca5d70094d2f7d2744cff95b3bdd5.npy,uniform,0.1414,17.588,0.4349,29.348,0.9198,25.217,0.753,22.45,0.6294,26.718,0.8353,model,model
L1_3a430d3dd560f5278dff751fa36c056d.npy,uniform,0.1325,19.363,0.4199,29.425,0.8757,26.664,0.7528,24.086,0.6235,27.741,0.8165,model,model
L1_3bfa0cb6d99c042c43d43242cd54d266.npy,uniform,0.104,21.589,0.7274,31.892,0.9661,27.156,0.9146,26.249,0.8692,27.792,0.9343,model,model
L1_9639368d5eaeebcb927e924dc9433b8e.npy,uniform,0.0944,25.109,0.9103,30.664,0.9751,22.16,0.8029,22.725,0.8286,25.733,0.9079,model,model
L1_53ba73d7c37529ea0a20bb2d429517cb.npy,uniform,0.0714,27.557,0.8793,32.284,0.9707,26.779,0.907,27.647,0.9021,27.081,0.8766,model,model
L1_4e0397d2e0415d6b2c7cdae5f44675f7.npy,uniform,0.0651,25.912,0.6418,34.319,0.9122,32.584,0.8702,30.31,0.8016,33.324,0.896,model,model
L1_3a699d6c341c796de0a559070b224c81.npy,uniform,0.0623,28.843,0.8103,38.527,0.9858,25.932,0.9162,29.895,0.9106,33.475,0.9675,model,model
L1_17ab0ef133b881776ce801767b8c1850.npy,uniform,0.0425,31.769,0.983,35.115,0.9922,28.157,0.9679,30.476,0.9802,30.524,0.9764,model,model
L1_4d1627716979d31119ba65ccc93a435c.npy,uniform,0.0392,32.9,0.9,38.869,0.9791,36.103,0.9661,35.822,0.9537,37.305,0.9729,model,model
L1_17affe7ec92a206b7a62678358a75147.npy,uniform,0.0364,33.564,0.8776,41.879,0.9922,25.582,0.9079,32.8,0.9496,37.249,0.9835,model,model
L1_04b85bffac3d2fc5bca3d16fe9502ca5.npy,uniform,0.0312,33.746,0.9605,36.939,0.9795,30.059,0.9331,31.027,0.9389,34.27,0.9613,model,model
L1_05ba7222bdb1f78467d9ff228c8f67dc.npy,uniform,0.0312,34.875,0.8877,39.617,0.9712,29.158,0.9101,31.192,0.905,38.582,0.9649,model,model
L1_2f6fc8694382af8a7d6dda297c010630.npy,uniform,0.0195,37.263,0.9297,40.053,0.963,33.581,0.933,35.322,0.9302,39.013,0.9521,model,model
L1_4b809a8a13e88ecb0f52daf5cf7dca72.npy,uniform,0.0177,38.6,0.9955,38.23,0.9948,22.2,0.8189,22.785,0.8412,28.586,0.9453,model,model
L1_6d1d69cfac998612b2332cf81ed16e66.npy,uniform,0.0148,41.352,0.9776,43.645,0.9884,31.599,0.942,33.862,0.956,42.429,0.9824,model,model
L1_2d38d4c68a7fbe17ee9856e271d27091.npy,uniform,0.013,42.484,0.9944,35.906,0.9666,23.075,0.6591,24.648,0.6861,28.803,0.7397,model,model
L1_0df01378473d4629579e6efc2dc3d4e5.npy,uniform,0.0041,51.593,0.9966,53.98,0.9986,27.76,0.9113,28.865,0.9326,54.027,0.9989,adaptive,adaptive
L1_6af6bcfddf2220e56fbd302720760e2c.npy,uniform,0.0011,62.463,1.0,47.285,0.9992,20.442,0.6236,21.625,0.7304,25.115,0.8683,model,model
L1_3fe6c5543ec41e50b86774f3e6da71ff.npy,salt_and_pepper,0.1939,12.801,0.3701,24.922,0.9145,16.341,0.1258,16.115,0.1282,16.896,0.1871,model,model
L1_6c23969e708cb06ae02273334545d854.npy,salt_and_pepper,0.1631,13.604,0.4498,32.826,0.9926,21.204,0.7996,27.8,0.9572,20.065,0.7651,model,model
L1_01a9d3f7317bf4905b707e63524d610f.npy,salt_and_pepper,0.1464,14.139,0.4358,29.156,0.9532,19.515,0.5024,21.942,0.6101,19.226,0.486,model,model
L1_6ca2a47b6aec6b013e999bc65bdea173.npy,salt_and_pepper,0.1458,13.713,0.4066,31.753,0.9803,19.894,0.6286,25.866,0.9509,19.504,0.6423,model,model
L1_0b3537fb4f3c887b23f6e414fc4ca2d0.npy,salt_and_pepper,0.1416,14.411,0.3054,33.408,0.9851,21.473,0.5488,27.271,0.9511,20.843,0.5783,model,model
L1_304e7c168adc07e83c821014a1e2c1ad.npy,salt_and_pepper,0.1368,14.683,0.1273,33.982,0.9678,23.092,0.4143,30.086,0.8425,22.424,0.4088,model,model
L1_92cc208e080b913e49ef2542c5e8fbe0.npy,salt_and_pepper,0.1275,14.872,0.5108,28.323,0.9622,19.201,0.5993,21.711,0.7939,19.365,0.601,model,model
L1_273b4c1c087d903db337c8fa4b2365ed.npy,salt_and_pepper,0.1185,14.782,0.1096,34.077,0.9599,22.544,0.303,28.634,0.9186,20.808,0.2711,model,model
L1_1ad4b95334797b7738e9367ac338c03c.npy,salt_and_pepper,0.105,15.548,0.4573,36.018,0.9942,22.903,0.7718,30.18,0.9629,21.593,0.7283,model,model
L1_9d3530a09bfb87f4979baf3a9811c922.npy,salt_and_pepper,0.1045,15.619,0.1609,35.092,0.9814,23.017,0.368,27.799,0.9499,22.134,0.3682,model,model
L1_1ce37144bd9a97f87ed4c0478ea41155.npy,salt_and_pepper,0.0912,15.562,0.4175,28.851,0.9694,20.085,0.5526,21.875,0.8056,20.075,0.5638,model,model
L1_1b3b1a00999c6c2ea4b5610cef292922.npy,salt_and_pepper,0.0864,16.177,0.3551,35.867,0.9899,23.868,0.6121,32.119,0.9864,21.553,0.6194,model,model
L1_1c847e2af112abd9be413d9e46b796e8.npy,salt_and_pepper,0.0733,15.553,0.8292,29.155,0.9935,16.907,0.8329,19.855,0.9331,16.11,0.7848,model,model
L1_7a2174ac52838d98d053655bc5ea4c82.npy,salt_and_pepper,0.0717,16.861,0.4202,36.932,0.9923,24.735,0.7605,32.105,0.9547,22.313,0.6496,model,model
L1_8b6353a986dc9cd472b05f177086f9f6.npy,salt_and_pepper,0.0622,17.488,0.405,37.586,0.9939,25.994,0.7927,34.809,0.9719,22.762,0.6505,model,model
L1_2eb653d0a53e4ac65bb6e76729ee6fd4.npy,salt_and_pepper,0.0609,18.091,0.3253,38.956,0.9943,25.685,0.6402,34.229,0.986,23.696,0.5878,model,model
L1_55f84acbc31daa904a6351501e6afb3a.npy,salt_and_pepper,0.0562,17.966,0.8308,35.716,0.9982,19.641,0.8399,24.224,0.9543,20.107,0.854,model,model
L1_1d3151492cfe408522a065d2a63a49ea.npy,salt_and_pepper,0.0399,18.477,0.3411,36.424,0.9751,26.376,0.6588,32.819,0.8789,19.136,0.3408,model,model
L1_67114a78d86a982c491e38e556a42bd8.npy,salt_and_pepper,0.0397,19.654,0.555,38.106,0.998,25.294,0.8235,29.941,0.9742,23.679,0.7671,model,model
L1_5b5806a88b787ca126fcf167501ce91d.npy,salt_and_pepper,0.0282,20.056,0.9221,30.013,0.9923,17.363,0.839,19.721,0.9099,17.926,0.8533,model,model
L1_96578dac7ec11475088527aaf0e32e1d.npy,salt_and_pepper,0.0239,20.544,0.4263,41.03,0.9924,29.317,0.7584,39.728,0.9762,20.811,0.4346,model,model
L1_7ad1177610174877f341a94f1e93fb29.npy,salt_and_pepper,0.0232,21.367,0.8863,40.895,0.9991,28.609,0.9738,35.162,0.9954,24.359,0.9378,model,model
L1_aaacf5d6cdd6a2ec7a9149237c1bb254.npy,salt_and_pepper,0.0216,22.491,0.455,38.377,0.9871,27.665,0.6821,29.104,0.8383,24.388,0.5166,model,model
L1_5d6159c9758c2b972f3e7bde6f77b796.npy,salt_and_pepper,0.0149,23.222,0.5726,42.694,0.9966,31.476,0.8065,39.675,0.9526,23.489,0.5665,model,model
L1_8b017ef629c5f0366414e329dc10098e.npy,salt_and_pepper,0.0127,24.908,0.7901,38.339,0.989,27.714,0.8303,29.618,0.8939,25.833,0.7636,model,model
